{"rules_weighted_score": {"fpr": [0.0, 0.0, 0.0, 0.0, 0.0, 0.0, 0.0, 0.0015151515151515152, 0.0030303030303030303, 0.0030303030303030303, 0.0030303030303030303, 0.0030303030303030303, 0.0030303030303030303, 0.0030303030303030303, 0.0030303030303030303, 0.004545454545454545, 0.007575757575757576, 0.00909090909090909, 0.016666666666666666, 0.022727272727272728, 0.03333333333333333, 0.03787878787878788, 0.04393939393939394, 0.06818181818181818, 0.08636363636363636, 0.11818181818181818, 0.12575757575757576, 0.16666666666666666, 0.18787878787878787, 0.29393939393939394, 0.3212121212121212, 0.4863636363636364, 0.5696969696969697, 0.7681818181818182, 0.8121212121212121, 1.0], "tpr": [0.0, 0.0005780346820809249, 0.0011560693641618498, 0.0023121387283236996, 0.002890173410404624, 0.006358381502890174, 0.007514450867052023, 0.010982658959537572, 0.012716763005780347, 0.013872832369942197, 0.018497109826589597, 0.023699421965317918, 0.04277456647398844, 0.04797687861271676, 0.05202312138728324, 0.058959537572254334, 0.07283236994219654, 0.0953757225433526, 0.11040462427745665, 0.13352601156069363, 0.16127167630057804, 0.18439306358381502, 0.2069364161849711, 0.2560693641618497, 0.28670520231213875, 0.3219653179190751, 0.36820809248554914, 0.4277456647398844, 0.4953757225433526, 0.5971098265895953, 0.684971098265896, 0.761849710982659, 0.8265895953757225, 0.9300578034682081, 0.9416184971098266, 1.0]}, "tfidf_plus_indicators_logreg": {"fpr": [0.0, 0.0, 0.0, 0.0, 0.0, 0.0, 0.0, 0.0, 0.0, 0.0, 0.0, 0.0, 0.0, 0.0, 0.0, 0.0, 0.0, 0.0, 0.0, 0.0, 0.0, 0.0, 0.0, 0.0, 0.0, 0.0, 0.0, 0.0, 0.0, 0.0, 0.0, 0.0, 0.0, 0.0, 0.0, 0.0, 0.0, 0.0, 0.0, 0.0, 0.0, 0.0, 0.0, 0.0, 0.0, 0.0, 0.0, 0.0, 0.0, 0.0, 0.0, 0.0, 0.0, 0.0, 0.0, 0.0, 0.0, 0.0, 0.0, 0.0, 0.0, 0.0, 0.0, 0.0, 0.0, 0.0, 0.0, 0.0, 0.0, 0.0, 0.0, 0.0, 0.0, 0.0, 0.0, 0.0, 0.0, 0.0015151515151515152, 0.0015151515151515152, 0.0015151515151515152, 0.0015151515151515152, 0.0015151515151515152, 0.0015151515151515152, 0.0015151515151515152, 0.0015151515151515152, 0.0015151515151515152, 0.0015151515151515152, 0.0015151515151515152, 0.0015151515151515152, 0.0015151515151515152, 0.0015151515151515152, 0.0015151515151515152, 0.0015151515151515152, 0.0015151515151515152, 0.0015151515151515152, 0.0015151515151515152, 0.0015151515151515152, 0.0015151515151515152, 0.0015151515151515152, 0.0015151515151515152, 0.0015151515151515152, 0.0015151515151515152, 0.0015151515151515152, 0.0015151515151515152, 0.0015151515151515152, 0.0015151515151515152, 0.0015151515151515152, 0.0015151515151515152, 0.0015151515151515152, 0.0015151515151515152, 0.0015151515151515152, 0.0030303030303030303, 0.0030303030303030303, 0.004545454545454545, 0.004545454545454545, 0.006060606060606061, 0.006060606060606061, 0.007575757575757576, 0.007575757575757576, 0.010606060606060607, 0.010606060606060607, 0.012121212121212121, 0.012121212121212121, 0.01818181818181818, 0.01818181818181818, 0.019696969696969695, 0.019696969696969695, 0.025757575757575757, 0.025757575757575757, 0.05303030303030303, 0.05303030303030303, 0.05757575757575758, 0.05757575757575758, 0.12121212121212122, 0.12424242424242424, 0.18484848484848485, 0.18484848484848485, 0.21212121212121213, 0.21212121212121213, 0.9954545454545455, 1.0], "tpr": [0.0, 0.0005780346820809249, 0.0023121387283236996, 0.003468208092485549, 0.01907514450867052, 0.02023121387283237, 0.03468208092485549, 0.035838150289017344, 0.055491329479768786, 0.056647398843930635, 0.06069364161849711, 0.06242774566473988, 0.0630057803468208, 0.06589595375722543, 0.06820809248554913, 0.06878612716763005, 0.07109826589595376, 0.07225433526011561, 0.07398843930635839, 0.07572254335260116, 0.07687861271676301, 0.07803468208092486, 0.08034682080924856, 0.0815028901734104, 0.08323699421965318, 0.0861271676300578, 0.09017341040462427, 0.09132947976878612, 0.13988439306358383, 0.14104046242774568, 0.16184971098265896, 0.1630057803468208, 0.18554913294797687, 0.18728323699421964, 0.1947976878612717, 0.19595375722543354, 0.2161849710982659, 0.21734104046242775, 0.22947976878612716, 0.23121387283236994, 0.2352601156069364, 0.23699421965317918, 0.26936416184971096, 0.2705202312138728, 0.2947976878612717, 0.29595375722543354, 0.3023121387283237, 0.3046242774566474, 0.31040462427745663, 0.3138728323699422, 0.3670520231213873, 0.36820809248554914, 0.369364161849711, 0.37052023121387284, 0.38439306358381503, 0.3855491329479769, 0.40635838150289016, 0.407514450867052, 0.40809248554913297, 0.4098265895953757, 0.430635838150289, 0.43179190751445085, 0.44046242774566474, 0.4421965317919075, 0.45838150289017343, 0.4595375722543353, 0.49190751445086706, 0.4930635838150289, 0.5104046242774567, 0.5115606936416185, 0.5699421965317919, 0.5710982658959538, 0.6098265895953757, 0.6115606936416185, 0.6589595375722543, 0.6601156069364161, 0.7167630057803468, 0.7167630057803468, 0.7219653179190751, 0.723121387283237, 0.7300578034682081, 0.7312138728323699, 0.7520231213872832, 0.7531791907514451, 0.7583815028901734, 0.7595375722543353, 0.769364161849711, 0.7705202312138728, 0.7745664739884393, 0.7763005780346821, 0.7890173410404624, 0.7901734104046243, 0.8040462427745665, 0.8052023121387283, 0.8109826589595376, 0.8121387283236994, 0.8138728323699422, 0.815028901734104, 0.815606936416185, 0.8167630057803468, 0.8196531791907514, 0.8219653179190751, 0.830635838150289, 0.8317919075144509, 0.8427745664739884, 0.8439306358381503, 0.922543352601156, 0.923699421965318, 0.945664739884393, 0.9468208092485549, 0.9479768786127167, 0.9479768786127167, 0.9745664739884393, 0.9745664739884393, 0.9780346820809248, 0.9780346820809248, 0.9849710982658959, 0.9849710982658959, 0.9867052023121388, 0.9867052023121388, 0.9872832369942196, 0.9872832369942196, 0.9878612716763006, 0.9878612716763006, 0.992485549132948, 0.992485549132948, 0.9971098265895953, 0.9971098265895953, 0.9976878612716763, 0.9976878612716763, 0.9982658959537573, 0.9982658959537573, 0.9988439306358381, 0.9988439306358381, 0.9988439306358381, 0.9988439306358381, 0.999421965317919, 0.999421965317919, 1.0, 1.0, 1.0]}}